t,and,err,Uang,Uspd,Uturn,gx,gy,gz
15.356,-0.627,-0.627,-25.894,56.184,0.300,-0.8,2.1,-1.0
15.417,-0.384,-0.384,-15.262,45.983,0.600,0.1,2.4,0.0
15.471,-0.064,-0.064,0.105,35.602,0.000,2.7,2.1,0.0
15.526,0.299,0.299,17.325,26.733,0.000,5.4,1.8,0.0
15.582,0.744,0.744,33.637,18.911,0.000,3.9,1.8,0.0
15.636,1.042,1.042,42.217,11.810,0.600,0.5,1.9,-2.0
15.691,1.172,1.172,44.339,10.187,0.600,-2.6,1.8,-3.0
15.747,1.174,1.174,40.944,10.761,0.900,-6.0,1.9,-5.0
15.802,1.095,1.095,37.964,9.561,1.500,-5.8,2.0,-4.0
15.856,0.976,0.976,34.227,13.937,1.200,-4.8,1.9,-4.0
15.917,0.914,0.914,33.336,15.300,1.200,-3.2,2.8,-4.0
15.972,0.906,0.906,33.402,14.664,0.900,-2.8,2.9,-5.0
16.026,0.947,0.947,38.421,14.279,1.500,0.5,2.5,-3.0
16.081,1.393,1.393,83.664,15.731,1.500,28.0,0.9,-5.0
16.137,2.871,2.871,148.060,20.144,0.600,33.2,-0.2,-5.0
16.196,3.760,3.760,144.672,43.273,0.900,-5.7,2.6,-5.0
16.257,2.619,2.619,61.540,151.947,1.200,-43.2,3.2,-4.0
16.312,0.074,0.074,-54.422,208.369,0.600,-57.4,4.5,-2.0
16.371,-3.445,-3.445,-207.984,251.944,-1.800,-70.2,5.9,6.0
16.437,-6.924,-6.924,-318.812,236.691,-0.300,-41.8,4.3,0.0
16.496,-6.091,-6.091,-182.510,83.526,2.400,61.1,-2.5,2.0
16.557,-1.372,-1.372,18.552,16.776,-4.800,73.4,-1.9,16.0
16.617,1.837,1.837,106.759,21.865,-2.400,33.3,2.3,-1.0
16.676,2.270,2.270,82.228,23.850,-3.300,-8.6,2.0,5.0
16.732,1.459,1.459,28.622,41.931,-1.800,-29.7,3.2,6.0
16.787,0.022,0.022,-30.111,61.427,-3.000,-31.0,3.4,10.0
16.846,-1.361,-1.361,-78.269,75.315,-2.700,-23.8,3.2,9.0
16.907,-2.197,-2.197,-104.011,24.796,-3.300,-16.1,2.6,11.0
16.971,-2.249,-2.249,-93.809,11.616,-3.600,-3.8,0.7,10.0
17.032,-1.930,-1.930,-63.920,-7.619,-1.800,13.3,1.8,6.0
17.091,-0.780,-0.780,-17.790,-31.163,-2.100,13.4,1.4,8.0
17.152,0.213,0.213,19.205,-51.148,-2.400,10.7,1.5,9.0
17.207,0.772,0.772,36.011,-72.157,-2.700,5.1,1.8,9.0
17.261,1.024,1.024,40.323,-73.784,-2.400,-0.6,2.2,8.0
17.321,0.972,0.972,34.699,-73.417,-1.800,-4.2,3.2,8.0
17.377,0.957,0.957,34.939,-68.318,-2.400,-3.4,2.8,6.0
17.436,0.798,0.798,24.948,-64.856,-1.500,-7.0,2.6,5.0
17.491,0.548,0.548,13.071,-59.218,-1.800,-8.9,2.4,7.0
17.552,0.318,0.318,7.697,-55.354,-1.500,-5.0,2.8,6.0
17.606,0.165,0.165,2.526,-48.146,-0.900,-4.1,2.8,3.0
17.661,0.097,0.097,-1.419,-47.832,-0.900,-5.3,2.5,2.0
17.722,0.026,0.026,-3.521,-47.697,-0.900,-4.6,2.7,6.0
17.776,-0.108,-0.108,-8.559,-47.686,-0.900,-4.3,2.9,4.0
17.837,-0.009,-0.009,-4.063,-51.086,-1.500,-3.7,2.1,4.0
17.897,0.016,0.016,-3.054,-55.236,-0.900,-3.7,3.1,4.0
17.951,0.087,0.087,3.605,-58.261,-0.900,0.1,2.6,3.0
18.007,0.126,0.126,7.433,-69.522,-0.900,2.4,2.3,3.0
18.062,0.519,0.519,24.347,-73.667,-0.300,3.6,1.6,2.0
18.116,0.754,0.754,31.837,-76.725,-0.600,1.7,2.1,0.0
18.177,0.927,0.927,36.855,-77.360,-0.900,-0.2,2.4,3.0
18.232,1.064,1.064,40.722,-74.624,-0.300,-1.9,2.4,1.0
18.291,1.025,1.025,36.600,-71.167,-0.300,-4.4,2.4,3.0
18.347,0.847,0.847,26.245,-65.531,-0.300,-7.6,2.5,2.0
18.402,0.536,0.536,11.424,-58.345,-0.600,-10.0,2.6,2.0
18.461,0.137,0.137,-3.026,-48.295,0.000,-8.5,3.4,0.0
18.516,-0.051,-0.051,-7.362,-46.449,-0.600,-5.3,2.4,1.0
18.577,-0.163,-0.163,-10.764,-50.202,-0.600,-4.2,2.6,0.0
18.636,-0.110,-0.110,-3.811,-52.925,-0.900,0.6,2.5,2.0
18.697,0.174,0.174,9.276,-59.914,-0.900,2.3,2.4,1.0
18.751,0.473,0.473,21.640,-64.938,-0.900,2.7,2.9,2.0
18.806,0.580,0.580,23.830,-72.448,-0.600,0.6,2.6,2.0
18.862,0.838,0.838,35.428,-74.120,-0.900,1.9,2.5,1.0
18.921,1.067,1.067,40.985,-72.098,-0.300,-1.7,2.3,2.0
18.976,1.127,1.127,41.568,-69.128,-0.900,-3.5,2.5,2.0
19.037,1.034,1.034,39.053,-62.160,-0.300,-2.3,2.5,2.0
19.092,0.793,0.793,23.493,-54.018,-0.300,-8.2,2.9,1.0
19.146,0.572,0.572,17.373,-43.369,-0.300,-5.5,2.7,1.0
19.207,0.455,0.455,14.472,-30.696,-0.300,-3.7,2.5,1.0
19.262,0.467,0.467,16.579,-27.043,-0.300,-2.1,2.5,1.0
19.321,0.569,0.569,21.852,-24.486,-0.300,-0.9,2.1,1.0
19.377,0.721,0.721,28.666,-21.034,-0.300,-0.2,2.4,1.0
19.436,0.974,0.974,65.968,-20.268,0.000,27.0,0.6,0.0
19.491,3.505,3.505,206.497,-18.070,0.300,66.3,-0.2,10.0
19.552,5.767,5.767,223.954,-1.561,0.900,-6.7,2.8,-5.0
19.607,4.515,4.515,123.741,138.231,1.800,-56.9,3.9,-6.0
19.666,0.418,0.418,-54.669,213.875,1.800,-71.4,6.8,-4.0
19.727,-3.451,-3.451,-220.165,269.365,0.000,-82.1,5.6,4.0
19.786,-7.235,-7.235,-346.325,234.305,0.600,-56.9,6.3,-3.0
19.852,-5.675,-5.675,-140.229,68.842,5.400,86.8,-2.1,10.0
19.911,-1.025,-1.025,15.095,4.254,-1.200,56.1,-0.9,3.0
19.966,1.468,1.468,84.609,11.612,-0.900,25.9,1.5,3.0
20.027,2.074,2.074,70.735,11.860,2.700,-12.2,2.4,-4.0
20.081,0.886,0.886,2.648,28.702,-0.300,-32.8,3.5,1.0
20.136,-0.673,-0.673,-59.896,38.998,-0.900,-33.0,4.1,3.0
20.197,-2.216,-2.216,-113.685,16.444,-2.400,-25.0,2.8,7.0
20.261,-2.530,-2.530,-84.656,-19.353,0.300,16.6,2.9,5.0
20.322,-1.888,-1.888,-61.555,-57.881,-2.100,14.0,-0.4,9.0
20.381,-0.731,-0.731,-8.477,-96.785,-2.100,20.8,1.8,7.0
20.442,0.637,0.637,50.576,-131.049,-2.400,25.1,-0.2,8.0
20.501,1.988,1.988,100.696,-160.452,-2.400,21.2,2.6,6.0
20.556,3.021,3.021,135.639,-196.219,-1.500,14.8,3.6,5.0
20.617,4.039,4.039,178.236,-202.490,-0.300,16.7,1.7,0.0
20.676,4.373,4.373,176.949,-199.001,-1.500,2.0,1.8,5.0
20.737,4.303,4.303,168.334,-188.620,-2.100,-3.8,2.9,7.0
20.797,3.856,3.856,147.162,-175.018,-1.500,-7.1,3.3,6.0
20.856,3.514,3.514,136.045,-142.722,0.300,-4.5,2.2,-1.0
20.912,2.758,2.758,96.303,-126.930,-1.800,-14.0,3.7,6.0
20.971,2.139,2.139,76.736,-111.033,-2.700,-8.8,2.7,1.0
21.031,1.915,1.915,68.203,-100.013,-1.200,-8.4,2.6,4.0
21.092,1.562,1.562,54.995,-87.421,-0.600,-7.5,2.9,1.0
21.146,1.223,1.223,42.820,-75.355,0.000,-6.1,2.8,0.0
21.201,0.984,0.984,31.726,-63.632,-0.600,-7.6,2.8,0.0
21.262,0.822,0.822,29.333,-45.248,-0.300,-3.6,2.4,1.0
21.316,0.873,0.873,34.693,-39.270,-0.300,-0.2,2.5,1.0
21.377,1.121,1.121,47.486,-33.423,0.000,2.7,2.3,1.0
21.432,1.464,1.464,62.404,-30.980,-0.300,3.9,1.8,1.0
21.486,1.890,1.890,80.842,-27.608,-0.300,5.2,1.8,1.0
21.541,2.425,2.425,104.654,-26.898,-0.300,7.6,2.0,1.0
21.597,2.625,2.625,100.257,-26.400,-2.700,-4.7,3.0,10.0
21.657,2.238,2.238,75.695,-10.648,-3.000,-13.8,3.0,10.0
21.716,1.447,1.447,39.137,0.052,-1.200,-18.7,3.5,4.0
21.772,0.669,0.669,8.859,7.651,-0.900,-17.9,3.5,3.0
21.826,0.107,0.107,-8.548,8.091,-0.300,-12.8,3.0,1.0
21.886,-0.237,-0.237,-19.774,-3.162,-0.300,-10.3,2.8,1.0
21.947,-0.749,-0.749,-46.041,-9.389,-0.300,-16.1,2.9,1.0
22.006,-0.823,-0.823,3.856,-27.461,-1.200,36.8,0.2,4.0
22.062,2.021,2.021,153.166,-23.159,-2.400,72.3,-1.6,4.0
22.122,5.119,5.119,224.842,-6.827,0.000,20.1,0.1,-1.0
22.181,4.785,4.785,149.350,47.937,2.400,-42.1,3.5,-8.0
22.237,2.374,2.374,33.649,123.268,1.200,-61.3,7.2,-7.0
22.296,-1.228,-1.228,-117.402,191.654,1.500,-68.3,4.9,-3.0
22.356,-4.936,-4.936,-266.724,254.286,0.300,-69.3,5.8,-1.0
22.421,-7.961,-7.961,-336.136,82.870,1.800,-17.7,5.0,-9.0
22.481,-3.405,-3.405,-57.995,23.713,-0.900,78.2,-2.3,3.0
22.542,1.123,1.123,100.688,-2.955,-3.000,55.8,-1.4,8.0
22.601,3.297,3.297,133.685,11.510,-0.900,1.8,2.0,-13.0
22.662,1.969,1.969,34.232,43.835,-0.300,-44.5,4.7,1.0
22.717,-0.183,-0.183,-50.680,69.684,0.000,-43.4,4.7,-2.0
22.776,-2.594,-2.594,-142.615,38.231,-0.600,-38.8,4.7,7.0
22.837,-3.038,-3.038,-131.952,9.518,1.200,-10.4,2.2,-5.0
22.896,-2.358,-2.358,-81.179,-14.002,-2.100,13.2,1.0,5.0
22.957,-1.388,-1.388,-39.253,-89.172,-1.800,16.3,2.0,6.0
23.021,0.497,0.497,40.390,-125.378,-2.100,20.5,1.8,4.0
23.076,1.710,1.710,83.427,-151.143,-1.800,15.0,0.7,5.0
23.137,2.620,2.620,114.907,-169.598,-1.800,10.1,1.7,4.0
23.196,2.926,2.926,118.510,-181.275,-2.100,1.4,3.5,5.0
23.251,3.163,3.163,128.722,-184.870,-2.100,2.2,2.6,3.0
23.312,3.342,3.342,135.701,-186.829,-1.200,2.0,2.3,5.0
23.371,3.256,3.256,129.451,-183.203,0.000,-0.8,2.4,5.0
23.427,3.204,3.204,126.077,-177.664,-2.100,-2.1,2.4,7.0
23.487,3.423,3.423,137.236,-172.425,-0.600,0.3,2.9,1.0
23.546,3.364,3.364,130.940,-165.721,0.000,-3.6,2.7,2.0
23.602,2.958,2.958,107.517,-156.307,-0.600,-10.8,3.0,3.0
23.666,2.307,2.307,80.419,-136.721,-2.100,-11.9,2.9,8.0
23.721,1.961,1.961,78.785,-128.308,-0.600,0.3,1.9,3.0
23.782,2.206,2.206,90.538,-124.250,-0.600,2.3,2.2,2.0
23.836,2.325,2.325,92.250,-118.265,0.000,-0.7,2.1,0.0
23.897,2.222,2.222,83.226,-109.245,-0.300,-5.7,2.4,-1.0
23.957,1.997,1.997,73.452,-86.513,-0.300,-6.4,2.4,1.0
24.011,1.650,1.650,56.625,-73.987,0.000,-9.4,2.5,0.0
24.067,1.349,1.349,49.283,-61.919,-0.300,-4.7,2.5,1.0
24.127,1.356,1.356,54.558,-53.471,-0.300,0.3,2.3,1.0
24.181,1.612,1.612,68.286,-45.896,-0.300,3.8,2.1,1.0
24.237,2.051,2.051,87.934,-42.243,-0.300,5.9,1.7,1.0
24.292,2.615,2.615,112.027,-38.024,-0.300,7.4,1.6,1.0
24.351,2.983,2.983,105.241,-31.735,0.000,-14.1,2.9,1.0
24.407,2.153,2.153,62.738,0.005,0.000,-23.4,3.1,0.0
24.462,1.128,1.128,21.725,13.468,0.000,-23.4,3.4,0.0
24.521,0.070,0.070,-15.492,21.397,0.600,-18.3,3.5,-2.0
24.577,-0.528,-0.528,-32.698,8.822,0.600,-11.6,2.7,-1.0
24.637,-0.620,-0.620,-28.693,-11.590,0.000,-3.9,2.7,0.0
24.696,-0.638,-0.638,-32.277,-19.291,-0.300,-6.8,2.5,1.0
24.757,-0.857,-0.857,-43.675,-25.650,-0.300,-9.4,2.5,1.0
24.816,-1.293,-1.293,-63.537,-27.483,-0.300,-11.8,3.6,1.0
24.877,-1.393,-1.393,-42.412,-37.076,2.100,13.3,1.1,3.0
24.937,-0.094,-0.094,10.215,-55.485,-0.300,14.0,1.5,0.0
24.996,0.801,0.801,42.551,-70.178,0.000,10.5,2.0,2.0
25.052,1.220,1.220,54.999,-80.618,0.000,6.2,1.9,2.0
25.107,1.562,1.562,64.684,-79.966,0.600,2.2,2.0,-2.0
25.166,1.556,1.556,61.930,-72.872,-0.600,-0.3,2.3,1.0
25.222,1.527,1.527,57.305,-64.630,0.300,-3.8,2.3,1.0
25.277,1.593,1.593,64.681,-55.561,-0.300,1.0,2.4,1.0
25.336,1.924,1.924,81.294,-47.551,-0.300,4.3,1.8,1.0
25.392,2.426,2.426,104.746,-43.594,-0.300,7.7,1.3,1.0
25.447,3.097,3.097,133.726,-39.162,-0.300,9.9,0.8,1.0
25.506,3.435,3.435,125.363,-14.398,2.400,-12.0,2.8,-8.0
25.567,2.234,2.234,59.379,11.372,0.600,-30.0,3.8,-5.0
25.622,0.964,0.964,10.273,34.624,1.800,-28.3,3.9,-5.0
25.676,-0.210,-0.210,-30.964,47.841,0.900,-22.6,3.2,-3.0
25.737,-0.984,-0.984,-56.781,52.347,0.600,-17.4,3.4,-3.0
25.801,-1.453,-1.453,-65.346,25.789,0.000,-7.2,3.0,-1.0
25.857,-1.243,-1.243,-49.777,-15.049,-1.200,-0.1,2.4,4.0
25.917,-1.218,-1.218,-47.067,-28.156,0.000,1.7,1.7,-3.0
25.976,-0.425,-0.425,-10.814,-44.039,-0.900,6.2,1.7,2.0
26.037,0.241,0.241,17.527,-58.590,-1.200,7.9,2.1,4.0
26.092,0.725,0.725,32.608,-68.907,-0.900,3.6,2.4,4.0
26.151,0.940,0.940,37.191,-74.599,-0.900,-0.4,2.1,4.0
26.207,1.112,1.112,45.105,-77.197,-1.200,0.6,2.2,4.0
26.262,1.129,1.129,41.394,-72.416,-0.900,-3.8,2.4,4.0
26.321,1.037,1.037,38.300,-67.467,-0.300,-3.2,2.7,3.0
26.377,0.840,0.840,26.513,-60.727,-0.600,-7.1,2.7,1.0
26.436,0.646,0.646,20.969,-52.709,-0.300,-4.9,2.5,1.0
26.491,0.600,0.600,20.888,-47.096,-0.300,-3.1,2.6,1.0
26.547,0.644,0.644,24.206,-43.167,-0.300,-1.6,2.3,1.0
26.607,0.774,0.774,30.517,-38.492,-0.300,-0.4,1.9,1.0
26.661,0.939,0.939,37.717,-37.144,-0.300,0.2,2.3,1.0
26.722,1.160,1.160,46.832,-34.539,-0.300,0.4,2.2,1.0
26.776,1.380,1.380,56.165,-34.365,-0.300,1.0,2.2,1.0
26.831,1.623,1.623,66.245,-34.244,-0.300,1.3,2.0,1.0
26.887,1.902,1.902,77.576,-34.159,-0.300,1.5,2.1,1.0
26.946,2.240,2.240,92.584,-34.099,-0.300,3.0,2.2,1.0
27.001,2.647,2.647,107.382,-30.733,-0.300,1.5,2.3,0.0
27.057,2.222,2.222,73.979,-9.841,1.800,-14.9,2.2,-6.0
27.117,1.619,1.619,47.417,3.071,1.200,-17.4,3.2,-3.0
27.171,0.931,0.931,21.006,13.916,0.900,-16.2,3.4,-2.0
27.227,0.300,0.300,-1.841,16.677,0.300,-13.8,3.3,0.0
27.287,-0.092,-0.092,-9.372,13.744,0.300,-5.7,2.5,-1.0
27.341,-0.157,-0.157,-13.542,5.127,-0.300,-7.3,2.6,1.0
27.402,-0.485,-0.485,-31.335,-7.517,-0.300,-11.9,2.7,1.0
27.461,-0.980,-0.980,-52.217,-23.083,-0.900,-13.0,2.6,3.0
27.522,-1.613,-1.613,-69.593,-35.610,-0.600,-5.1,3.0,13.0
27.582,-0.387,-0.387,1.247,-59.409,-2.100,16.7,0.4,7.0
27.641,0.695,0.695,44.690,-81.234,-1.800,16.9,1.6,8.0
27.702,1.545,1.545,72.587,-96.728,-1.200,10.8,1.9,4.0
27.757,2.066,2.066,87.874,-102.251,-1.800,5.2,1.9,6.0
27.811,2.286,2.286,89.992,-97.021,-1.200,-1.5,2.6,3.0
27.872,2.199,2.199,81.345,-86.821,-0.300,-6.6,2.4,1.0
27.927,2.029,2.029,78.467,-71.431,-0.300,-2.7,2.4,1.0
27.986,2.124,2.124,86.698,-58.995,-0.300,1.7,2.3,1.0
28.042,2.446,2.446,102.584,-51.941,-0.300,4.8,1.7,1.0
28.097,2.926,2.926,124.008,-47.003,0.000,7.0,1.3,1.0
28.156,3.472,3.472,129.492,-25.479,1.200,-9.4,3.8,-4.0
28.212,1.991,1.991,55.652,-3.430,0.600,-24.0,3.3,0.0
28.271,0.986,0.986,19.972,13.847,0.300,-19.5,3.0,-2.0
28.326,0.520,0.520,6.916,22.809,0.300,-13.9,3.2,-1.0
28.382,0.146,0.146,-2.742,24.264,0.600,-8.6,2.7,-2.0
28.437,0.058,0.058,-1.463,22.091,0.300,-3.8,2.5,0.0
28.491,0.085,0.085,2.212,14.030,-0.300,-1.2,2.3,0.0
28.547,0.171,0.171,1.247,3.461,-0.300,-5.6,2.3,1.0
28.602,-0.023,-0.023,-11.249,-7.237,-0.300,-10.3,2.8,1.0
28.661,-0.518,-0.518,-35.241,-21.144,-0.300,-14.5,3.3,1.0
28.727,-1.314,-1.314,-69.691,-26.135,-0.300,-17.1,2.8,1.0
28.786,-1.805,-1.805,-54.145,-39.612,-4.200,18.1,1.3,5.0
28.847,0.344,0.344,32.720,-64.089,-2.100,19.0,1.3,5.0
28.902,1.351,1.351,69.043,-88.062,-2.400,15.0,1.3,8.0
28.961,2.174,2.174,94.927,-104.916,-1.500,8.0,1.8,5.0
29.017,2.540,2.540,104.692,-100.645,-0.900,3.1,1.9,4.0
29.077,2.601,2.601,99.158,-69.521,-0.300,-4.9,2.6,0.0
29.131,2.455,2.455,96.342,-57.623,-0.300,-1.8,2.8,1.0
29.192,2.588,2.588,105.684,-50.944,0.000,2.2,2.1,0.0
29.247,2.934,2.934,122.990,-44.607,0.000,5.6,1.9,0.0
29.301,3.029,3.029,114.125,-35.173,1.200,-7.0,2.9,-9.0
29.362,2.001,2.001,61.825,1.518,0.900,-18.2,2.9,-5.0
29.417,1.266,1.266,33.865,15.744,0.900,-16.8,2.8,-3.0
29.476,0.504,0.504,5.473,25.883,0.600,-14.7,3.2,-2.0
29.532,0.073,0.073,-5.294,28.174,0.900,-8.2,2.7,-3.0
29.587,-0.010,-0.010,-4.126,26.598,0.300,-3.7,2.5,-2.0
29.646,0.244,0.244,11.325,20.629,0.300,1.6,2.0,0.0
29.702,0.507,0.507,20.439,9.886,0.000,0.2,2.3,1.0
29.752,0.641,0.641,21.916,0.740,-0.300,-3.7,2.6,1.0
29.807,0.580,0.580,15.996,-15.753,-0.300,-7.2,2.7,1.0
29.867,0.295,0.295,0.965,-22.169,-0.300,-10.8,2.8,1.0
29.922,-0.114,-0.114,-17.135,-26.673,-0.300,-12.6,2.7,1.0
29.981,-0.710,-0.710,-42.577,-28.175,-0.300,-14.2,3.5,1.0
30.047,-1.516,-1.516,-62.010,-29.226,0.900,-1.4,3.0,-9.0
30.107,-0.805,-0.805,-13.747,-55.123,0.300,18.4,1.3,-1.0
30.167,0.651,0.651,46.304,-69.888,0.000,20.3,1.3,0.0
30.222,1.725,1.725,84.652,-70.408,-0.300,15.7,1.6,2.0
30.276,2.537,2.537,106.741,-45.925,-1.500,5.3,2.2,0.0
30.337,2.885,2.885,121.306,-40.326,-0.300,5.9,1.3,1.0
30.392,3.131,3.131,105.838,-33.070,-0.900,-19.4,3.0,6.0
30.451,2.196,2.196,67.445,-16.321,0.900,-20.4,3.5,-2.0
30.512,1.065,1.065,22.371,20.959,0.000,-20.2,3.1,-1.0
30.567,0.456,0.456,3.087,30.313,0.000,-15.1,3.0,0.0
30.621,0.082,0.082,-6.145,32.055,0.000,-9.4,2.7,-1.0
30.676,-0.175,-0.175,-14.546,28.433,-0.300,-7.6,2.5,1.0
30.737,-0.041,-0.041,-2.189,21.019,-0.600,-0.5,2.3,2.0
30.796,0.298,0.298,11.734,9.253,-0.300,-0.2,2.2,1.0
30.852,0.431,0.431,13.306,-2.283,-0.300,-3.9,2.5,1.0
30.907,0.382,0.382,8.425,-17.673,-0.300,-6.8,2.6,1.0
30.961,0.177,0.177,-2.248,-21.143,-0.300,-9.3,2.8,1.0
31.022,-0.186,-0.186,-18.260,-23.572,-0.300,-10.8,2.9,1.0
31.082,-0.650,-0.650,-39.236,-26.934,-0.300,-13.2,3.0,1.0
31.141,-1.077,-1.077,-49.011,-34.286,-2.100,-5.9,1.8,10.0
31.207,-0.205,-0.205,2.948,-67.323,-2.100,11.2,1.6,7.0
31.261,0.518,0.518,29.238,-81.176,-2.100,8.5,2.0,5.0
31.322,1.296,1.296,60.886,-91.053,-1.500,9.0,2.3,4.0
31.377,1.735,1.735,74.770,-94.823,-1.200,5.4,2.1,4.0
31.431,2.035,2.035,80.071,-90.970,-0.600,-1.3,2.3,2.0
31.486,2.019,2.019,75.842,-83.395,-0.300,-4.9,2.6,1.0
31.547,1.774,1.774,76.520,-71.517,0.000,5.6,1.8,0.0
31.601,3.113,3.113,190.736,-58.240,0.300,66.2,-1.7,-3.0
31.662,6.620,6.620,291.308,-12.492,0.300,26.5,1.7,3.0
31.717,5.628,5.628,192.360,71.416,1.500,-32.8,3.1,-8.0
31.776,2.907,2.907,53.007,162.377,1.500,-63.3,6.2,-5.0
31.837,-0.757,-0.757,-102.378,240.222,1.500,-72.1,6.6,-4.0
31.897,-5.640,-5.640,-306.263,297.347,0.000,-80.7,6.5,-1.0
31.962,-8.702,-8.702,-373.102,90.354,0.000,-25.0,2.0,-1.0
32.022,-4.758,-4.758,-92.096,32.054,-2.700,98.2,-2.0,5.0
32.081,0.508,0.508,81.283,12.670,-1.200,61.0,-0.4,4.0
32.137,3.055,3.055,144.203,10.711,2.100,22.0,1.4,-12.0
32.196,3.005,3.005,75.062,17.709,0.300,-45.1,5.2,4.0
32.251,0.370,0.370,-41.111,47.659,-0.300,-55.9,4.7,3.0
32.312,-2.397,-2.397,-151.314,40.125,-1.200,-55.5,5.0,4.0
32.371,-4.231,-4.231,-176.658,5.780,-3.300,-7.4,0.6,2.0
32.432,-3.032,-3.032,-93.925,-30.016,-1.200,27.4,2.1,4.0
32.492,-0.894,-0.894,-4.988,-83.531,-3.000,30.8,0.3,10.0
32.551,1.416,1.416,84.202,-128.048,-3.000,27.6,0.0,8.0
32.612,2.743,2.743,129.810,-188.618,-2.700,20.1,2.2,6.0
32.671,3.949,3.949,174.135,-199.712,-2.400,16.2,2.0,8.0
32.727,4.856,4.856,207.578,-201.263,0.000,13.3,1.7,0.0
32.787,5.156,5.156,197.188,-141.238,-0.900,-9.1,2.0,4.0
32.846,3.735,3.735,108.976,-75.892,-1.200,-40.4,4.8,3.0
32.907,1.304,1.304,8.456,-44.861,-0.300,-43.7,4.9,1.0
32.962,-0.942,-0.942,-79.704,-41.369,-0.900,-42.0,4.2,4.0
33.021,-2.012,-2.012,-86.644,-53.894,0.300,-6.2,2.8,5.0
33.082,-1.282,-1.282,-32.286,-84.388,-0.900,19.0,0.4,3.0
33.141,0.423,0.423,46.944,-120.967,0.000,30.0,1.3,4.0
33.202,2.097,2.097,110.087,-155.267,-0.600,26.2,0.6,4.0
33.262,3.524,3.524,163.480,-193.959,-0.300,22.5,1.4,0.0
33.321,4.799,4.799,204.819,-186.063,-0.900,12.9,1.7,1.0
33.377,5.035,5.035,194.166,-97.724,-0.900,-7.2,2.5,1.0
33.436,3.525,3.525,101.362,-55.519,-0.600,-39.6,5.1,1.0
33.497,1.612,1.612,37.385,-44.089,-0.600,-27.1,3.6,1.0
33.557,0.260,0.260,-11.561,-41.740,-0.300,-22.0,3.4,1.0
33.611,-0.598,-0.598,-37.835,-42.742,-1.500,-13.9,2.4,6.0
33.677,-0.894,-0.894,-38.537,-51.778,-3.300,-2.8,1.9,14.0
33.736,0.019,0.019,12.913,-68.158,-1.800,12.2,1.3,7.0
33.792,1.062,1.062,57.770,-84.767,-0.900,15.3,1.5,2.0
33.852,1.953,1.953,54.453,-93.261,0.000,-23.7,7.8,7.0
33.907,-0.925,-0.925,-110.311,-95.310,-3.000,-73.3,7.3,10.0
33.972,-2.475,-2.475,-87.804,-135.975,-3.300,11.2,1.8,8.0
34.032,-0.212,-0.212,43.759,-203.087,-3.600,52.2,-1.7,12.0
34.097,3.684,3.684,214.097,-267.381,-2.700,66.7,-2.2,11.0
34.157,7.624,7.624,379.362,-257.034,-2.400,74.4,-0.0,8.0
34.216,9.516,9.516,357.349,-124.136,-0.300,-23.3,2.5,7.0
34.277,5.549,5.549,142.893,-78.801,-1.500,-79.1,6.5,-3.0
34.336,1.819,1.819,29.534,-35.277,-0.900,-43.2,4.9,2.0
34.397,0.418,0.418,7.872,-37.810,-0.900,-8.8,2.2,1.0
34.452,0.814,0.814,50.018,-57.865,-0.600,17.4,1.5,1.0
34.511,2.508,2.508,132.073,-53.915,-0.300,31.8,0.8,1.0
34.567,3.973,3.973,172.808,-47.701,-0.900,13.9,2.4,0.0
34.627,4.137,4.137,147.793,-23.382,0.000,-17.7,1.9,-1.0
34.686,2.884,2.884,80.228,12.090,0.300,-35.1,5.5,-2.0
34.742,1.293,1.293,14.789,48.855,0.900,-36.9,4.3,-3.0
34.801,-0.775,-0.775,-62.541,79.961,1.800,-31.5,3.9,-4.0
34.862,-1.769,-1.769,-95.591,107.449,0.900,-24.8,4.5,-3.0
34.922,-2.740,-2.740,-126.665,72.293,0.600,-17.0,3.4,-4.0
34.981,-2.794,-2.794,-107.067,7.855,0.000,4.7,2.6,0.0
35.042,-1.395,-1.395,-31.348,-14.212,0.900,24.5,1.0,-1.0
35.101,0.318,0.318,26.059,-31.380,0.300,13.4,1.5,3.0
35.156,1.035,1.035,39.034,-48.681,-0.600,-2.4,2.3,2.0
35.212,1.017,1.017,34.265,-45.729,-0.300,-6.4,2.8,1.0
35.271,0.747,0.747,19.940,-45.324,-0.300,-10.0,2.7,1.0
35.326,0.358,0.358,2.476,-43.391,-0.300,-11.8,3.0,1.0
35.387,-0.171,-0.171,-20.910,-42.038,-0.300,-14.1,2.9,1.0
35.446,-0.836,-0.836,-46.660,-41.090,0.000,-13.2,3.7,0.0
35.507,-0.819,-0.819,-30.133,-51.110,-0.600,2.6,1.8,2.0
35.567,-0.120,-0.120,4.615,-65.807,0.000,9.4,1.9,2.0
35.621,0.532,0.532,32.520,-77.889,-0.300,11.2,1.4,2.0
35.682,1.258,1.258,59.839,-86.490,-0.300,9.5,2.0,1.0
35.737,1.730,1.730,87.453,-89.331,-0.300,18.3,1.7,1.0
35.791,3.432,3.432,199.624,-78.144,0.000,62.4,-1.4,0.0
35.852,6.089,6.089,286.554,-63.689,0.300,43.0,-0.2,-4.0
35.912,6.792,6.792,243.576,57.835,2.400,-28.1,-0.4,-8.0
35.972,4.234,4.234,105.463,155.372,2.400,-63.9,4.4,-4.0
36.032,-0.128,-0.128,-86.392,241.181,1.500,-81.3,6.5,-5.0
36.091,-4.410,-4.410,-263.089,305.602,0.900,-86.7,10.1,-2.0
36.157,-9.030,-9.030,-438.801,187.135,3.600,-77.6,8.2,-12.0
36.216,-7.325,-7.325,-235.659,81.693,-0.600,57.4,-0.7,-1.0
36.282,-2.570,-2.570,-52.051,34.175,-0.300,50.7,-0.3,1.0
36.341,0.092,0.092,22.075,7.452,-1.500,18.4,1.3,2.0
36.397,0.630,0.630,14.199,6.969,-0.300,-11.0,3.0,0.0
36.452,-0.025,-0.025,-24.654,-1.608,-0.300,-23.7,3.5,1.0
36.511,-1.476,-1.476,-86.876,-19.118,-1.800,-27.9,4.4,4.0
36.572,-2.393,-2.393,-108.426,-36.513,-1.800,-12.7,2.1,4.0
36.637,-1.979,-1.979,-69.362,-72.065,-0.900,9.8,2.0,3.0
36.697,-0.742,-0.742,-6.673,-113.848,-0.900,23.0,0.3,6.0
36.757,0.934,0.934,65.594,-200.147,-1.500,28.2,0.9,5.0
36.811,2.574,2.574,128.778,-234.897,-1.500,25.8,2.5,6.0
36.872,4.173,4.173,187.137,-258.172,-1.500,20.2,2.2,2.0
36.932,5.655,5.655,246.196,-271.740,0.000,20.0,1.7,0.0
36.992,6.062,6.062,248.188,-275.166,-1.200,5.7,3.7,5.0
37.047,5.974,5.974,238.791,-269.782,-0.900,-0.2,2.5,3.0
37.107,5.945,5.945,236.560,-243.804,-0.600,-1.2,2.6,2.0
37.167,5.730,5.730,229.442,-224.135,-1.200,0.3,3.0,5.0
37.227,5.560,5.560,221.983,-135.864,-1.200,-0.4,3.0,1.0
37.286,4.339,4.339,149.161,-92.105,-0.900,-24.4,3.2,4.0
37.347,3.418,3.418,129.108,-77.974,0.000,-7.6,3.3,6.0
37.402,3.369,3.369,136.061,-68.081,-2.100,1.3,3.1,8.0
37.456,3.611,3.611,146.697,-54.648,-3.600,2.3,3.6,12.0
37.517,3.592,3.592,133.140,-43.432,-2.400,-10.6,3.5,8.0
37.577,2.754,2.754,87.652,-22.224,-1.500,-22.5,3.3,4.0
37.637,1.753,1.753,45.248,-2.237,0.000,-24.9,3.5,1.0
37.692,1.009,1.009,23.511,13.608,-0.900,-16.8,3.4,2.0
37.747,0.472,0.472,3.632,24.904,-1.200,-15.2,3.1,4.0
37.801,-0.239,-0.239,-28.302,26.367,0.300,-18.8,3.4,-1.0
37.867,-0.803,-0.803,-46.199,-9.900,0.000,-14.1,2.7,-1.0
37.926,-0.988,-0.988,-47.969,-24.408,-0.300,-8.5,2.7,1.0
37.987,-1.309,-1.309,-49.017,-36.261,-4.800,3.3,2.1,16.0
38.046,-0.259,-0.259,2.360,-56.241,-1.500,12.7,1.3,5.0
38.102,0.565,0.565,24.736,-78.669,-0.900,2.1,2.5,5.0
38.162,0.415,0.415,-10.276,-106.363,-2.100,-26.9,3.7,5.0
38.221,-0.973,-0.973,-59.172,-127.626,-1.500,-20.3,2.6,5.0
38.282,-1.026,-1.026,-14.988,-164.404,-2.400,26.1,-1.3,8.0
38.346,1.790,1.790,131.077,-217.185,-2.400,59.5,-2.2,9.0
38.407,5.252,5.252,276.621,-299.911,-3.000,66.5,1.5,10.0
38.467,9.458,9.458,430.985,-176.158,-2.700,52.7,0.4,0.0
38.526,7.129,7.129,222.122,-109.114,-0.600,-63.0,5.4,0.0
38.587,3.702,3.702,105.109,-56.982,0.900,-43.0,4.5,-3.0
38.642,1.854,1.854,57.273,-16.913,0.600,-16.9,2.8,-1.0
38.702,1.276,1.276,48.648,9.749,0.300,-2.4,2.2,0.0
38.757,1.234,1.234,50.585,36.514,0.300,1.2,2.3,-1.0
38.812,1.433,1.433,49.228,49.554,0.300,-8.1,3.0,-1.0
38.866,0.868,0.868,19.287,65.606,0.600,-15.5,3.4,-4.0
38.927,0.229,0.229,-12.494,82.152,0.600,-21.7,3.4,-4.0
38.982,-0.768,-0.768,-50.316,92.432,0.900,-19.6,3.1,-3.0
39.042,-1.698,-1.698,-84.046,99.977,1.200,-16.1,3.9,-5.0
39.102,-2.268,-2.268,-102.666,98.958,2.100,-12.0,3.0,-4.0
39.166,-2.011,-2.011,-74.304,-9.753,0.900,6.1,1.5,-4.0
39.222,-1.012,-1.012,-28.319,-27.725,0.000,12.2,1.5,1.0
39.282,0.174,0.174,18.564,-37.041,0.300,11.6,1.9,-1.0
39.342,0.770,0.770,29.368,-43.599,-0.300,-1.4,2.5,1.0
39.397,0.872,0.872,29.683,-43.239,-0.300,-5.2,2.3,1.0
39.457,0.756,0.756,22.261,-42.811,-0.300,-8.0,2.8,1.0
39.512,0.492,0.492,9.802,-42.688,-0.300,-9.9,2.7,1.0
39.567,0.139,0.139,-5.682,-42.602,-0.300,-11.3,2.7,1.0
39.626,-0.202,-0.202,-16.248,-45.865,-1.500,-8.2,3.1,5.0
39.687,-0.298,-0.298,-17.097,-51.498,-2.700,-5.2,2.2,8.0
39.747,-0.032,-0.032,1.483,-62.136,-2.100,2.7,2.3,8.0
39.801,0.536,0.536,27.191,-73.003,-1.200,5.8,2.3,4.0
39.862,0.967,0.967,41.252,-91.447,-1.200,2.6,1.9,5.0
39.917,1.286,1.286,59.114,-93.929,-2.700,7.7,1.7,2.0
39.971,1.539,1.539,61.837,-95.786,-1.500,0.3,2.4,5.0
40.027,1.712,1.712,70.074,-93.883,-0.900,1.6,2.3,3.0
